{"camera":{"transform":{"position":{"x":-2.212187534763893,"y":5.306697164227089,"z":6.194959190462215},"rotation":{"isEuler":true,"_x":-0.6788268296884503,"_y":-0.3429812934221276,"_z":1.783067186425204e-17,"_order":"YXZ"},"scale":{"x":1,"y":1,"z":1}}},"things":[]}