{"paused":false,"weather":{"timeOfDay":8.4,"enabled":false},"camera":{"transform":{"position":{"x":8.82165820720353,"y":7.705985626736149,"z":0.12080652586343082},"rotation":{"isEuler":true,"_x":-0.7179505357867251,"_y":1.5571028723339368,"_z":0,"_order":"YXZ"},"scale":{"x":1,"y":1,"z":1}}},"things":[]}