{"weather":{"timeOfDay":8.4,"enabled":false},"camera":{"transform":{"position":{"x":10.429545678158421,"y":4.824879887574976,"z":-2.2723497174861342},"rotation":{"isEuler":true,"_x":-0.42452614652453585,"_y":1.785319972075029,"_z":-3.0459328012193e-17,"_order":"YXZ"},"scale":{"x":1,"y":1,"z":1}}},"things":[]}