{"paused":false,"weather":{"timeOfDay":8.4,"enabled":false},"camera":{"transform":{"position":{"x":8.654374552738076,"y":7.531938968065794,"z":-2.364351645404772},"rotation":{"isEuler":true,"_x":-0.6983887785019465,"_y":1.8374857982198094,"_z":7.24802988525943e-17,"_order":"YXZ"},"scale":{"x":1,"y":1,"z":1}}},"things":[]}